Distance,Gender,Category,TimeFrom,TimeTo,Points
5,Male,Junior,0 days 00:00:00,0 days 00:19:07,10
5,Male,Junior,0 days 00:19:08,0 days 00:20:22,9
5,Male,Junior,0 days 00:20:23,0 days 00:21:45,8
5,Male,Junior,0 days 00:21:46,0 days 00:23:23,7
5,Male,Junior,0 days 00:23:24,0 days 00:25:13,6
5,Male,Junior,0 days 00:25:14,0 days 00:27:22,5
5,Male,Junior,0 days 00:27:23,0 days 00:30:00,4
5,Male,Junior,0 days 00:30:01,0 days 00:33:15,3
5,Male,Junior,0 days 00:33:16,0 days 00:37:07,2
5,Male,Junior,0 days 00:37:08,106751 days 23:47:16.854775807,1
5,Male,Senior,0 days 00:00:00,0 days 00:19:07,10
5,Male,Senior,0 days 00:19:08,0 days 00:20:22,9
5,Male,Senior,0 days 00:20:23,0 days 00:21:45,8
5,Male,Senior,0 days 00:21:46,0 days 00:23:23,7
5,Male,Senior,0 days 00:23:24,0 days 00:25:13,6
5,Male,Senior,0 days 00:25:14,0 days 00:27:22,5
5,Male,Senior,0 days 00:27:23,0 days 00:30:00,4
5,Male,Senior,0 days 00:30:01,0 days 00:33:15,3
5,Male,Senior,0 days 00:33:16,0 days 00:37:07,2
5,Male,Senior,0 days 00:37:08,106751 days 23:47:16.854775807,1
5,Male,Veteran,0 days 00:00:00,0 days 00:19:45,10
5,Male,Veteran,0 days 00:19:46,0 days 00:21:08,9
5,Male,Veteran,0 days 00:21:09,0 days 00:22:30,8
5,Male,Veteran,0 days 00:22:31,0 days 00:24:15,7
5,Male,Veteran,0 days 00:24:16,0 days 00:26:08,6
5,Male,Veteran,0 days 00:26:09,0 days 00:28:22,5
5,Male,Veteran,0 days 00:28:23,0 days 00:31:08,4
5,Male,Veteran,0 days 00:31:09,0 days 00:34:22,3
5,Male,Veteran,0 days 00:34:23,0 days 00:38:30,2
5,Male,Veteran,0 days 00:38:31,106751 days 23:47:16.854775807,1
5,Male,Master,0 days 00:00:00,0 days 00:21:30,10
5,Male,Master,0 days 00:21:31,0 days 00:22:52,9
5,Male,Master,0 days 00:22:53,0 days 00:24:22,8
5,Male,Master,0 days 00:24:23,0 days 00:26:15,7
5,Male,Master,0 days 00:26:16,0 days 00:28:22,6
5,Male,Master,0 days 00:28:23,0 days 00:30:52,5
5,Male,Master,0 days 00:30:53,0 days 00:33:45,4
5,Male,Master,0 days 00:33:46,0 days 00:37:22,3
5,Male,Master,0 days 00:37:23,0 days 00:41:45,2
5,Male,Master,0 days 00:41:46,106751 days 23:47:16.854775807,1
5,Male,Grand Master,0 days 00:00:00,0 days 00:23:23,10
5,Male,Grand Master,0 days 00:23:24,0 days 00:25:00,9
5,Male,Grand Master,0 days 00:25:01,0 days 00:26:37,8
5,Male,Grand Master,0 days 00:26:38,0 days 00:28:38,7
5,Male,Grand Master,0 days 00:28:39,0 days 00:31:00,6
5,Male,Grand Master,0 days 00:31:01,0 days 00:33:37,5
5,Male,Grand Master,0 days 00:33:38,0 days 00:36:53,4
5,Male,Grand Master,0 days 00:36:53,0 days 00:40:45,3
5,Male,Grand Master,0 days 00:40:46,0 days 00:45:30,2
5,Male,Grand Master,0 days 00:45:31,106751 days 23:47:16.854775807,1
5,Male,Great Grand Master,0 days 00:00:00,0 days 00:25:53,10
5,Male,Great Grand Master,0 days 00:25:54,0 days 00:27:30,9
5,Male,Great Grand Master,0 days 00:27:31,0 days 00:29:22,8
5,Male,Great Grand Master,0 days 00:29:23,0 days 00:31:38,7
5,Male,Great Grand Master,0 days 00:31:39,0 days 00:34:07,6
5,Male,Great Grand Master,0 days 00:34:08,0 days 00:37:07,5
5,Male,Great Grand Master,0 days 00:37:08,0 days 00:40:37,4
5,Male,Great Grand Master,0 days 00:40:38,0 days 00:44:52,3
5,Male,Great Grand Master,0 days 00:44:53,0 days 00:50:15,2
5,Male,Great Grand Master,0 days 00:50:16,106751 days 23:47:16.854775807,1
5,Male,Great Grand Master,0 days 00:00:00,0 days 00:30:37,10
5,Male,Great Grand Master,0 days 00:30:38,0 days 00:32:37,9
5,Male,Great Grand Master,0 days 00:32:38,0 days 00:34:53,8
5,Male,Great Grand Master,0 days 00:34:53,0 days 00:37:30,7
5,Male,Great Grand Master,0 days 00:37:31,0 days 00:40:30,6
5,Male,Great Grand Master,0 days 00:40:31,0 days 00:44:00,5
5,Male,Great Grand Master,0 days 00:44:01,0 days 00:48:15,4
5,Male,Great Grand Master,0 days 00:48:16,0 days 00:53:15,3
5,Male,Great Grand Master,0 days 00:53:16,0 days 00:59:37,2
5,Male,Great Grand Master,0 days 00:59:38,106751 days 23:47:16.854775807,1
10,Male,Junior,0 days 00:00:00,0 days 00:38:15,10
10,Male,Junior,0 days 00:38:16,0 days 00:40:45,9
10,Male,Junior,0 days 00:40:46,0 days 00:43:30,8
10,Male,Junior,0 days 00:43:31,0 days 00:46:45,7
10,Male,Junior,0 days 00:46:46,0 days 00:50:25,6
10,Male,Junior,0 days 00:50:26,0 days 00:54:45,5
10,Male,Junior,0 days 00:54:46,0 days 01:00:00,4
10,Male,Junior,0 days 01:00:01,0 days 01:06:30,3
10,Male,Junior,0 days 01:06:31,0 days 01:14:15,2
10,Male,Junior,0 days 01:14:16,106751 days 23:47:16.854775807,1
10,Male,Senior,0 days 00:00:00,0 days 00:38:15,10
10,Male,Senior,0 days 00:38:16,0 days 00:40:45,9
10,Male,Senior,0 days 00:40:46,0 days 00:43:30,8
10,Male,Senior,0 days 00:43:31,0 days 00:46:45,7
10,Male,Senior,0 days 00:46:46,0 days 00:50:25,6
10,Male,Senior,0 days 00:50:26,0 days 00:54:45,5
10,Male,Senior,0 days 00:54:46,0 days 01:00:00,4
10,Male,Senior,0 days 01:00:01,0 days 01:06:30,3
10,Male,Senior,0 days 01:06:31,0 days 01:14:15,2
10,Male,Senior,0 days 01:14:16,106751 days 23:47:16.854775807,1
10,Male,Veteran,0 days 00:00:00,0 days 00:39:30,10
10,Male,Veteran,0 days 00:39:31,0 days 00:42:15,9
10,Male,Veteran,0 days 00:42:16,0 days 00:45:00,8
10,Male,Veteran,0 days 00:45:01,0 days 00:48:30,7
10,Male,Veteran,0 days 00:48:31,0 days 00:52:15,6
10,Male,Veteran,0 days 00:52:16,0 days 00:56:45,5
10,Male,Veteran,0 days 00:56:46,0 days 01:02:15,4
10,Male,Veteran,0 days 01:02:16,0 days 01:08:45,3
10,Male,Veteran,0 days 01:08:46,0 days 01:17:00,2
10,Male,Veteran,0 days 01:17:01,106751 days 23:47:16.854775807,1
10,Male,Master,0 days 00:00:00,0 days 00:43:00,10
10,Male,Master,0 days 00:43:01,0 days 00:45:45,9
10,Male,Master,0 days 00:45:46,0 days 00:48:45,8
10,Male,Master,0 days 00:48:46,0 days 00:52:30,7
10,Male,Master,0 days 00:52:31,0 days 00:56:45,6
10,Male,Master,0 days 00:56:46,0 days 01:01:45,5
10,Male,Master,0 days 01:01:46,0 days 01:07:30,4
10,Male,Master,0 days 01:07:31,0 days 01:14:45,3
10,Male,Master,0 days 01:14:46,0 days 01:23:30,2
10,Male,Master,0 days 01:23:31,106751 days 23:47:16.854775807,1
10,Male,Grand Master,0 days 00:00:00,0 days 00:46:45,10
10,Male,Grand Master,0 days 00:46:46,0 days 00:50:00,9
10,Male,Grand Master,0 days 00:50:01,0 days 00:53:15,8
10,Male,Grand Master,0 days 00:53:16,0 days 00:57:15,7
10,Male,Grand Master,0 days 00:57:16,0 days 01:02:00,6
10,Male,Grand Master,0 days 01:02:01,0 days 01:07:15,5
10,Male,Grand Master,0 days 01:07:16,0 days 01:13:45,4
10,Male,Grand Master,0 days 01:13:46,0 days 01:21:30,3
10,Male,Grand Master,0 days 01:21:31,0 days 01:31:00,2
10,Male,Grand Master,0 days 01:31:01,106751 days 23:47:16.854775807,1
10,Male,Great Grand Master,0 days 00:00:00,0 days 00:51:45,10
10,Male,Great Grand Master,0 days 00:51:46,0 days 00:55:00,9
10,Male,Great Grand Master,0 days 00:55:01,0 days 00:58:45,8
10,Male,Great Grand Master,0 days 00:58:46,0 days 01:03:15,7
10,Male,Great Grand Master,0 days 01:03:16,0 days 01:08:15,6
10,Male,Great Grand Master,0 days 01:08:16,0 days 01:14:15,5
10,Male,Great Grand Master,0 days 01:14:16,0 days 01:21:15,4
10,Male,Great Grand Master,0 days 01:21:16,0 days 01:29:45,3
10,Male,Great Grand Master,0 days 01:29:46,0 days 01:40:30,2
10,Male,Great Grand Master,0 days 01:40:31,106751 days 23:47:16.854775807,1
10,Male,Great Grand Master,0 days 00:00:00,0 days 01:01:15,10
10,Male,Great Grand Master,0 days 01:01:16,0 days 01:05:15,9
10,Male,Great Grand Master,0 days 01:05:16,0 days 01:09:45,8
10,Male,Great Grand Master,0 days 01:09:46,0 days 01:15:00,7
10,Male,Great Grand Master,0 days 01:15:01,0 days 01:21:00,6
10,Male,Great Grand Master,0 days 01:21:01,0 days 01:28:00,5
10,Male,Great Grand Master,0 days 01:28:01,0 days 01:36:30,4
10,Male,Great Grand Master,0 days 01:36:31,0 days 01:46:30,3
10,Male,Great Grand Master,0 days 01:46:31,0 days 01:59:15,2
10,Male,Great Grand Master,0 days 01:59:16,106751 days 23:47:16.854775807,1
13,Male,Junior,0 days 00:00:00,0 days 00:49:14,10
13,Male,Junior,0 days 00:49:15,0 days 00:52:27,9
13,Male,Junior,0 days 00:52:28,0 days 00:56:00,8
13,Male,Junior,0 days 00:56:01,0 days 01:00:11,7
13,Male,Junior,0 days 01:00:12,0 days 01:04:54,6
13,Male,Junior,0 days 01:04:55,0 days 01:10:28,5
13,Male,Junior,0 days 01:10:29,0 days 01:17:14,4
13,Male,Junior,0 days 01:17:15,0 days 01:25:36,3
13,Male,Junior,0 days 01:25:37,0 days 01:35:34,2
13,Male,Junior,0 days 01:35:35,106751 days 23:47:16.854775807,1
13,Male,Senior,0 days 00:00:00,0 days 00:49:14,10
13,Male,Senior,0 days 00:49:15,0 days 00:52:27,9
13,Male,Senior,0 days 00:52:28,0 days 00:56:00,8
13,Male,Senior,0 days 00:56:01,0 days 01:00:11,7
13,Male,Senior,0 days 01:00:12,0 days 01:04:54,6
13,Male,Senior,0 days 01:04:55,0 days 01:10:28,5
13,Male,Senior,0 days 01:10:29,0 days 01:17:14,4
13,Male,Senior,0 days 01:17:15,0 days 01:25:36,3
13,Male,Senior,0 days 01:25:37,0 days 01:35:34,2
13,Male,Senior,0 days 01:35:35,106751 days 23:47:16.854775807,1
13,Male,Veteran,0 days 00:00:00,0 days 00:50:51,10
13,Male,Veteran,0 days 00:50:52,0 days 00:54:10,9
13,Male,Veteran,0 days 00:54:11,0 days 00:57:49,8
13,Male,Veteran,0 days 00:57:50,0 days 01:02:09,7
13,Male,Veteran,0 days 01:02:10,0 days 01:07:01,6
13,Male,Veteran,0 days 01:07:02,0 days 01:12:47,5
13,Male,Veteran,0 days 01:12:48,0 days 01:19:45,4
13,Male,Veteran,0 days 01:19:46,0 days 01:28:24,3
13,Male,Veteran,0 days 01:28:25,0 days 01:38:42,2
13,Male,Veteran,0 days 01:38:43,106751 days 23:47:16.854775807,1
13,Male,Master,0 days 00:00:00,0 days 00:55:21,10
13,Male,Master,0 days 00:55:22,0 days 00:58:58,9
13,Male,Master,0 days 00:58:59,0 days 01:02:57,8
13,Male,Master,0 days 01:02:58,0 days 01:07:39,7
13,Male,Master,0 days 01:07:40,0 days 01:12:57,6
13,Male,Master,0 days 01:12:58,0 days 01:19:14,5
13,Male,Master,0 days 01:19:15,0 days 01:26:49,4
13,Male,Master,0 days 01:26:50,0 days 01:36:14,3
13,Male,Master,0 days 01:36:15,0 days 01:47:27,2
13,Male,Master,0 days 01:47:28,106751 days 23:47:16.854775807,1
13,Male,Grand Master,0 days 00:00:00,0 days 01:00:11,10
13,Male,Grand Master,0 days 01:00:12,0 days 01:04:07,9
13,Male,Grand Master,0 days 01:04:08,0 days 01:08:26,8
13,Male,Grand Master,0 days 01:08:27,0 days 01:13:33,7
13,Male,Grand Master,0 days 01:13:34,0 days 01:19:19,6
13,Male,Grand Master,0 days 01:19:20,0 days 01:26:08,5
13,Male,Grand Master,0 days 01:26:09,0 days 01:34:24,4
13,Male,Grand Master,0 days 01:34:25,0 days 01:44:37,3
13,Male,Grand Master,0 days 01:44:38,0 days 01:56:49,2
13,Male,Grand Master,0 days 01:56:50,106751 days 23:47:16.854775807,1
13,Male,Great Grand Master,0 days 00:00:00,0 days 01:06:37,10
13,Male,Great Grand Master,0 days 01:06:38,0 days 01:10:58,9
13,Male,Great Grand Master,0 days 01:10:59,0 days 01:15:45,8
13,Male,Great Grand Master,0 days 01:15:46,0 days 01:21:25,7
13,Male,Great Grand Master,0 days 01:21:26,0 days 01:27:48,6
13,Male,Great Grand Master,0 days 01:27:49,0 days 01:35:21,5
13,Male,Great Grand Master,0 days 01:35:22,0 days 01:44:29,4
13,Male,Great Grand Master,0 days 01:44:30,0 days 01:55:49,3
13,Male,Great Grand Master,0 days 01:55:50,0 days 02:09:18,2
13,Male,Great Grand Master,0 days 02:09:19,106751 days 23:47:16.854775807,1
13,Male,Great Grand Master,0 days 00:00:00,0 days 01:18:50,10
13,Male,Great Grand Master,0 days 01:18:51,0 days 01:24:00,9
13,Male,Great Grand Master,0 days 01:24:01,0 days 01:29:40,8
13,Male,Great Grand Master,0 days 01:29:41,0 days 01:36:22,7
13,Male,Great Grand Master,0 days 01:36:23,0 days 01:43:55,6
13,Male,Great Grand Master,0 days 01:43:56,0 days 01:52:51,5
13,Male,Great Grand Master,0 days 01:52:52,0 days 02:03:40,4
13,Male,Great Grand Master,0 days 02:03:41,0 days 02:17:04,3
13,Male,Great Grand Master,0 days 02:17:05,0 days 02:33:03,2
13,Male,Great Grand Master,0 days 02:33:04,106751 days 23:47:16.854775807,1
15,Male,Junior,0 days 00:00:00,0 days 00:57:23,10
15,Male,Junior,0 days 00:57:23,0 days 01:01:08,9
15,Male,Junior,0 days 01:01:09,0 days 01:05:15,8
15,Male,Junior,0 days 01:05:16,0 days 01:10:08,7
15,Male,Junior,0 days 01:10:09,0 days 01:15:38,6
15,Male,Junior,0 days 01:15:39,0 days 01:22:07,5
15,Male,Junior,0 days 01:22:08,0 days 01:30:00,4
15,Male,Junior,0 days 01:30:01,0 days 01:39:45,3
15,Male,Junior,0 days 01:39:46,0 days 01:51:22,2
15,Male,Junior,0 days 01:51:24,106751 days 23:47:16.854775807,1
15,Male,Senior,0 days 00:00:00,0 days 00:57:23,10
15,Male,Senior,0 days 00:57:23,0 days 01:01:08,9
15,Male,Senior,0 days 01:01:09,0 days 01:05:15,8
15,Male,Senior,0 days 01:05:16,0 days 01:10:08,7
15,Male,Senior,0 days 01:10:09,0 days 01:15:38,6
15,Male,Senior,0 days 01:15:39,0 days 01:22:07,5
15,Male,Senior,0 days 01:22:08,0 days 01:30:00,4
15,Male,Senior,0 days 01:30:01,0 days 01:39:45,3
15,Male,Senior,0 days 01:39:46,0 days 01:51:22,2
15,Male,Senior,0 days 01:51:24,106751 days 23:47:16.854775807,1
15,Male,Veteran,0 days 00:00:00,0 days 00:59:15,10
15,Male,Veteran,0 days 00:59:16,0 days 01:03:23,9
15,Male,Veteran,0 days 01:03:24,0 days 01:07:30,8
15,Male,Veteran,0 days 01:07:31,0 days 01:12:45,7
15,Male,Veteran,0 days 01:12:46,0 days 01:18:23,6
15,Male,Veteran,0 days 01:18:24,0 days 01:25:08,5
15,Male,Veteran,0 days 01:25:09,0 days 01:33:23,4
15,Male,Veteran,0 days 01:33:24,0 days 01:43:07,3
15,Male,Veteran,0 days 01:43:09,0 days 01:55:30,2
15,Male,Veteran,0 days 01:55:31,106751 days 23:47:16.854775807,1
15,Male,Master,0 days 00:00:00,0 days 01:04:30,10
15,Male,Master,0 days 01:04:31,0 days 01:08:38,9
15,Male,Master,0 days 01:08:38,0 days 01:13:08,8
15,Male,Master,0 days 01:13:08,0 days 01:18:45,7
15,Male,Master,0 days 01:18:46,0 days 01:25:08,6
15,Male,Master,0 days 01:25:09,0 days 01:32:37,5
15,Male,Master,0 days 01:32:38,0 days 01:41:15,4
15,Male,Master,0 days 01:41:16,0 days 01:52:07,3
15,Male,Master,0 days 01:52:08,0 days 02:05:15,2
15,Male,Master,0 days 02:05:16,106751 days 23:47:16.854775807,1
15,Male,Grand Master,0 days 00:00:00,0 days 01:10:08,10
15,Male,Grand Master,0 days 01:10:09,0 days 01:15:00,9
15,Male,Grand Master,0 days 01:15:01,0 days 01:19:53,8
15,Male,Grand Master,0 days 01:19:53,0 days 01:25:53,7
15,Male,Grand Master,0 days 01:25:54,0 days 01:33:00,6
15,Male,Grand Master,0 days 01:33:01,0 days 01:40:52,5
15,Male,Grand Master,0 days 01:40:53,0 days 01:50:38,4
15,Male,Grand Master,0 days 01:50:39,0 days 02:02:15,3
15,Male,Grand Master,0 days 02:02:16,0 days 02:16:30,2
15,Male,Grand Master,0 days 02:16:31,106751 days 23:47:16.854775807,1
15,Male,Great Grand Master,0 days 00:00:00,0 days 01:17:38,10
15,Male,Great Grand Master,0 days 01:17:39,0 days 01:22:30,9
15,Male,Great Grand Master,0 days 01:22:31,0 days 01:28:08,8
15,Male,Great Grand Master,0 days 01:28:09,0 days 01:34:52,7
15,Male,Great Grand Master,0 days 01:34:54,0 days 01:42:22,6
15,Male,Great Grand Master,0 days 01:42:23,0 days 01:51:22,5
15,Male,Great Grand Master,0 days 01:51:24,0 days 02:01:53,4
15,Male,Great Grand Master,0 days 02:01:54,0 days 02:14:37,3
15,Male,Great Grand Master,0 days 02:14:38,0 days 02:30:45,2
15,Male,Great Grand Master,0 days 02:30:46,106751 days 23:47:16.854775807,1
15,Male,Great Grand Master,0 days 00:00:00,0 days 01:31:52,10
15,Male,Great Grand Master,0 days 01:31:54,0 days 01:37:52,9
15,Male,Great Grand Master,0 days 01:37:53,0 days 01:44:37,8
15,Male,Great Grand Master,0 days 01:44:39,0 days 01:52:30,7
15,Male,Great Grand Master,0 days 01:52:31,0 days 02:01:30,6
15,Male,Great Grand Master,0 days 02:01:31,0 days 02:12:00,5
15,Male,Great Grand Master,0 days 02:12:01,0 days 02:24:45,4
15,Male,Great Grand Master,0 days 02:24:46,0 days 02:39:45,3
15,Male,Great Grand Master,0 days 02:39:46,0 days 02:58:52,2
15,Male,Great Grand Master,0 days 02:58:54,106751 days 23:47:16.854775807,1
21,Male,Junior,0 days 00:00:00,0 days 01:23:30,10
21,Male,Junior,0 days 01:23:31,0 days 01:28:45,9
21,Male,Junior,0 days 01:28:46,0 days 01:35:00,8
21,Male,Junior,0 days 01:35:01,0 days 01:42:00,7
21,Male,Junior,0 days 01:42:01,0 days 01:50:15,6
21,Male,Junior,0 days 01:50:16,0 days 01:59:45,5
21,Male,Junior,0 days 01:59:46,0 days 02:11:15,4
21,Male,Junior,0 days 02:11:16,0 days 02:25:00,3
21,Male,Junior,0 days 02:25:01,0 days 02:42:15,2
21,Male,Junior,0 days 02:42:16,106751 days 23:47:16.854775807,1
21,Male,Senior,0 days 00:00:00,0 days 01:23:30,10
21,Male,Senior,0 days 01:23:31,0 days 01:28:45,9
21,Male,Senior,0 days 01:28:46,0 days 01:35:00,8
21,Male,Senior,0 days 01:35:01,0 days 01:42:00,7
21,Male,Senior,0 days 01:42:01,0 days 01:50:15,6
21,Male,Senior,0 days 01:50:16,0 days 01:59:45,5
21,Male,Senior,0 days 01:59:46,0 days 02:11:15,4
21,Male,Senior,0 days 02:11:16,0 days 02:25:00,3
21,Male,Senior,0 days 02:25:01,0 days 02:42:15,2
21,Male,Senior,0 days 02:42:16,106751 days 23:47:16.854775807,1
21,Male,Veteran,0 days 00:00:00,0 days 01:25:45,10
21,Male,Veteran,0 days 01:25:46,0 days 01:31:15,9
21,Male,Veteran,0 days 01:31:16,0 days 01:37:30,8
21,Male,Veteran,0 days 01:37:31,0 days 01:44:45,7
21,Male,Veteran,0 days 01:44:46,0 days 01:53:15,6
21,Male,Veteran,0 days 01:53:16,0 days 02:03:15,5
21,Male,Veteran,0 days 02:03:16,0 days 02:15:00,4
21,Male,Veteran,0 days 02:15:01,0 days 02:29:15,3
21,Male,Veteran,0 days 02:29:16,0 days 02:46:45,2
21,Male,Veteran,0 days 02:46:46,106751 days 23:47:16.854775807,1
21,Male,Master,0 days 00:00:00,0 days 01:33:00,10
21,Male,Master,0 days 01:33:01,0 days 01:39:00,9
21,Male,Master,0 days 01:39:01,0 days 01:46:00,8
21,Male,Master,0 days 01:46:01,0 days 01:53:45,7
21,Male,Master,0 days 01:53:46,0 days 02:03:00,6
21,Male,Master,0 days 02:03:01,0 days 02:13:45,5
21,Male,Master,0 days 02:13:46,0 days 02:26:30,4
21,Male,Master,0 days 02:26:31,0 days 02:41:45,3
21,Male,Master,0 days 02:41:46,106751 days 23:47:16.854775807,1
21,Male,Grand Master,0 days 00:00:00,0 days 01:42:00,10
21,Male,Grand Master,0 days 01:42:01,0 days 01:48:30,9
21,Male,Grand Master,0 days 01:48:31,0 days 01:56:00,8
21,Male,Grand Master,0 days 01:56:01,0 days 02:02:45,7
21,Male,Grand Master,0 days 02:02:46,0 days 02:14:30,6
21,Male,Grand Master,0 days 02:14:31,0 days 02:26:15,5
21,Male,Grand Master,0 days 02:26:16,0 days 02:40:15,4
21,Male,Grand Master,0 days 02:40:16,0 days 02:57:15,3
21,Male,Grand Master,0 days 02:57:16,106751 days 23:47:16.854775807,1
21,Male,Great Grand Master,0 days 00:00:00,0 days 01:52:45,10
21,Male,Great Grand Master,0 days 01:52:46,0 days 02:00:00,9
21,Male,Great Grand Master,0 days 02:00:01,0 days 02:08:15,8
21,Male,Great Grand Master,0 days 02:08:16,0 days 02:17:45,7
21,Male,Great Grand Master,0 days 02:17:46,0 days 02:28:45,6
21,Male,Great Grand Master,0 days 02:28:46,0 days 02:41:45,5
21,Male,Great Grand Master,0 days 02:41:46,0 days 02:57:15,4
21,Male,Great Grand Master,0 days 02:57:16,0 days 03:16:00,3
21,Male,Great Grand Master,0 days 03:16:01,106751 days 23:47:16.854775807,1
21,Male,Great Grand Master,0 days 00:00:00,0 days 02:13:00,10
21,Male,Great Grand Master,0 days 02:13:01,0 days 02:21:30,9
21,Male,Great Grand Master,0 days 02:21:31,0 days 02:31:15,8
21,Male,Great Grand Master,0 days 02:31:16,0 days 02:42:30,7
21,Male,Great Grand Master,0 days 02:42:31,0 days 02:55:30,6
21,Male,Great Grand Master,0 days 02:55:31,106751 days 23:47:16.854775807,1
26,Male,Junior,0 days 00:00:00,0 days 01:42:22,10
26,Male,Junior,0 days 01:42:23,0 days 01:49:03,9
26,Male,Junior,0 days 01:49:04,0 days 01:56:25,8
26,Male,Junior,0 days 01:56:26,0 days 02:05:07,7
26,Male,Junior,0 days 02:05:08,0 days 02:14:55,6
26,Male,Junior,0 days 02:14:56,0 days 02:26:31,5
26,Male,Junior,0 days 02:26:32,0 days 02:40:34,4
26,Male,Junior,0 days 02:40:35,0 days 02:57:58,3
26,Male,Junior,0 days 02:57:59,106751 days 23:47:16.854775807,1
26,Male,Senior,0 days 00:00:00,0 days 01:42:22,10
26,Male,Senior,0 days 01:42:23,0 days 01:49:03,9
26,Male,Senior,0 days 01:49:04,0 days 01:56:25,8
26,Male,Senior,0 days 01:56:26,0 days 02:05:07,7
26,Male,Senior,0 days 02:05:08,0 days 02:14:55,6
26,Male,Senior,0 days 02:14:56,0 days 02:26:31,5
26,Male,Senior,0 days 02:26:32,0 days 02:40:34,4
26,Male,Senior,0 days 02:40:35,0 days 02:57:58,3
26,Male,Senior,0 days 02:57:59,106751 days 23:47:16.854775807,1
26,Male,Veteran,0 days 00:00:00,0 days 01:45:07,10
26,Male,Veteran,0 days 01:45:08,0 days 01:52:00,9
26,Male,Veteran,0 days 01:52:01,0 days 01:59:33,8
26,Male,Veteran,0 days 01:59:34,0 days 02:08:29,7
26,Male,Veteran,0 days 02:08:30,0 days 02:18:34,6
26,Male,Veteran,0 days 02:18:35,0 days 02:30:28,5
26,Male,Veteran,0 days 02:30:29,0 days 02:44:54,4
26,Male,Veteran,0 days 02:44:55,0 days 03:02:46,3
26,Male,Veteran,0 days 03:02:47,106751 days 23:47:16.854775807,1
26,Male,Master,0 days 00:00:00,0 days 01:54:01,10
26,Male,Master,0 days 01:54:02,0 days 02:01:28,9
26,Male,Master,0 days 02:01:29,0 days 02:09:39,8
26,Male,Master,0 days 02:09:40,0 days 02:19:21,7
26,Male,Master,0 days 02:19:22,0 days 02:30:16,6
26,Male,Master,0 days 02:30:17,0 days 02:43:11,5
26,Male,Master,0 days 02:43:12,0 days 02:58:50,4
26,Male,Master,0 days 02:58:51,106751 days 23:47:16.854775807,1
26,Male,Grand Master,0 days 00:00:00,0 days 02:05:03,10
26,Male,Grand Master,0 days 02:05:04,0 days 02:13:13,9
26,Male,Grand Master,0 days 02:13:14,0 days 02:22:12,8
26,Male,Grand Master,0 days 02:22:13,0 days 02:32:50,7
26,Male,Grand Master,0 days 02:32:51,0 days 02:44:49,6
26,Male,Grand Master,0 days 02:44:50,0 days 02:58:59,5
26,Male,Grand Master,0 days 02:59:00,106751 days 23:47:16.854775807,1
26,Male,Great Grand Master,0 days 00:00:00,0 days 02:18:13,10
26,Male,Great Grand Master,0 days 02:18:14,0 days 02:27:15,9
26,Male,Great Grand Master,0 days 02:27:16,0 days 02:37:12,8
26,Male,Great Grand Master,0 days 02:37:13,0 days 02:48:56,7
26,Male,Great Grand Master,0 days 02:48:57,0 days 03:02:11,6
26,Male,Great Grand Master,0 days 03:02:12,106751 days 23:47:16.854775807,1
26,Male,Great Grand Master,0 days 00:00:00,0 days 02:43:03,10
26,Male,Great Grand Master,0 days 02:43:04,0 days 02:53:42,9
26,Male,Great Grand Master,0 days 02:53:43,0 days 03:05:25,8
26,Male,Great Grand Master,0 days 03:05:26,106751 days 23:47:16.854775807,1
32,Male,Junior,0 days 00:00:00,0 days 02:07:14,10
32,Male,Junior,0 days 02:07:15,0 days 02:15:14,9
32,Male,Junior,0 days 02:15:15,0 days 02:24:46,8
32,Male,Junior,0 days 02:24:47,0 days 02:35:26,7
32,Male,Junior,0 days 02:35:27,0 days 02:48:00,6
32,Male,Junior,0 days 02:48:01,0 days 03:02:29,5
32,Male,Junior,0 days 03:02:30,0 days 03:20:00,4
32,Male,Junior,0 days 03:20:01,0 days 03:40:57,3
32,Male,Junior,0 days 03:40:58,106751 days 23:47:16.854775807,1
32,Male,Senior,0 days 00:00:00,0 days 02:07:14,10
32,Male,Senior,0 days 02:07:15,0 days 02:15:14,9
32,Male,Senior,0 days 02:15:15,0 days 02:24:46,8
32,Male,Senior,0 days 02:24:47,0 days 02:35:26,7
32,Male,Senior,0 days 02:35:27,0 days 02:48:00,6
32,Male,Senior,0 days 02:48:01,0 days 03:02:29,5
32,Male,Senior,0 days 03:02:30,0 days 03:20:00,4
32,Male,Senior,0 days 03:20:01,0 days 03:40:57,3
32,Male,Senior,0 days 03:40:58,106751 days 23:47:16.854775807,1
32,Male,Veteran,0 days 00:00:00,0 days 02:10:40,10
32,Male,Veteran,0 days 02:10:41,0 days 02:19:03,9
32,Male,Veteran,0 days 02:19:04,0 days 02:28:34,8
32,Male,Veteran,0 days 02:28:35,0 days 02:39:37,7
32,Male,Veteran,0 days 02:39:38,0 days 02:52:34,6
32,Male,Veteran,0 days 02:52:35,0 days 03:07:49,5
32,Male,Veteran,0 days 03:07:50,0 days 03:25:43,4
32,Male,Veteran,0 days 03:25:44,0 days 03:47:26,3
32,Male,Veteran,0 days 03:47:27,106751 days 23:47:16.854775807,1
32,Male,Master,0 days 00:00:00,0 days 02:21:43,10
32,Male,Master,0 days 02:21:44,0 days 02:30:51,9
32,Male,Master,0 days 02:30:52,0 days 02:41:31,8
32,Male,Master,0 days 02:41:32,0 days 02:53:20,7
32,Male,Master,0 days 02:53:21,0 days 03:07:26,6
32,Male,Master,0 days 03:07:27,0 days 03:23:49,5
32,Male,Master,0 days 03:23:50,0 days 03:43:14,4
32,Male,Master,0 days 03:43:15,106751 days 23:47:16.854775807,1
32,Male,Grand Master,0 days 00:00:00,0 days 02:35:26,10
32,Male,Grand Master,0 days 02:35:27,0 days 02:45:20,9
32,Male,Grand Master,0 days 02:45:21,0 days 02:56:46,8
32,Male,Grand Master,0 days 02:56:47,0 days 03:07:03,7
32,Male,Grand Master,0 days 03:07:04,0 days 03:24:57,6
32,Male,Grand Master,0 days 03:24:58,0 days 03:42:51,5
32,Male,Grand Master,0 days 03:42:52,106751 days 23:47:16.854775807,1
32,Male,Great Grand Master,0 days 00:00:00,0 days 02:51:49,10
32,Male,Great Grand Master,0 days 02:51:50,0 days 03:02:51,9
32,Male,Great Grand Master,0 days 03:02:52,0 days 03:15:26,8
32,Male,Great Grand Master,0 days 03:15:27,0 days 03:29:54,7
32,Male,Great Grand Master,0 days 03:29:55,0 days 03:46:40,6
32,Male,Great Grand Master,0 days 03:46:41,106751 days 23:47:16.854775807,1
32,Male,Great Grand Master,0 days 00:00:00,0 days 03:22:40,10
32,Male,Great Grand Master,0 days 03:22:41,0 days 03:35:37,9
32,Male,Great Grand Master,0 days 03:35:38,0 days 03:50:29,8
32,Male,Great Grand Master,0 days 03:50:30,106751 days 23:47:16.854775807,1
42,Male,Junior,0 days 00:00:00,0 days 02:47:00,10
42,Male,Junior,0 days 02:47:01,0 days 02:57:30,9
42,Male,Junior,0 days 02:57:31,0 days 03:10:00,8
42,Male,Junior,0 days 03:10:01,0 days 03:24:00,7
42,Male,Junior,0 days 03:24:01,0 days 03:40:30,6
42,Male,Junior,0 days 03:40:31,0 days 03:59:30,5
42,Male,Junior,0 days 03:59:31,0 days 04:22:30,4
42,Male,Junior,0 days 04:22:31,0 days 04:50:00,3
42,Male,Junior,0 days 04:50:01,0 days 05:24:30,2
42,Male,Junior,0 days 05:24:31,106751 days 23:47:16.854775807,1
42,Male,Senior,0 days 00:00:00,0 days 02:47:00,10
42,Male,Senior,0 days 02:47:01,0 days 02:57:30,9
42,Male,Senior,0 days 02:57:31,0 days 03:10:00,8
42,Male,Senior,0 days 03:10:01,0 days 03:24:00,7
42,Male,Senior,0 days 03:24:01,0 days 03:40:30,6
42,Male,Senior,0 days 03:40:31,0 days 03:59:30,5
42,Male,Senior,0 days 03:59:31,0 days 04:22:30,4
42,Male,Senior,0 days 04:22:31,0 days 04:50:00,3
42,Male,Senior,0 days 04:50:01,0 days 05:24:30,2
42,Male,Senior,0 days 05:24:31,106751 days 23:47:16.854775807,1
42,Male,Veteran,0 days 00:00:00,0 days 02:51:30,10
42,Male,Veteran,0 days 02:51:31,0 days 03:02:30,9
42,Male,Veteran,0 days 03:02:31,0 days 03:15:00,8
42,Male,Veteran,0 days 03:15:01,0 days 03:29:30,7
42,Male,Veteran,0 days 03:29:31,0 days 03:46:30,6
42,Male,Veteran,0 days 03:46:31,0 days 04:06:30,5
42,Male,Veteran,0 days 04:06:31,0 days 04:30:00,4
42,Male,Veteran,0 days 04:30:01,0 days 04:58:30,3
42,Male,Veteran,0 days 04:58:31,0 days 05:33:00,2
42,Male,Veteran,0 days 05:33:01,106751 days 23:47:16.854775807,1
42,Male,Master,0 days 00:00:00,0 days 03:06:00,10
42,Male,Master,0 days 03:06:01,0 days 03:18:00,9
42,Male,Master,0 days 03:18:01,0 days 03:32:00,8
42,Male,Master,0 days 03:32:01,0 days 03:47:30,7
42,Male,Master,0 days 03:47:31,0 days 04:06:00,6
42,Male,Master,0 days 04:06:01,0 days 04:27:30,5
42,Male,Master,0 days 04:27:31,0 days 04:53:00,4
42,Male,Master,0 days 04:53:01,0 days 05:23:30,3
42,Male,Master,0 days 05:23:31,106751 days 23:47:16.854775807,1
42,Male,Grand Master,0 days 00:00:00,0 days 03:24:00,10
42,Male,Grand Master,0 days 03:24:01,0 days 03:37:00,9
42,Male,Grand Master,0 days 03:37:01,0 days 03:52:00,8
42,Male,Grand Master,0 days 03:52:01,0 days 04:05:30,7
42,Male,Grand Master,0 days 04:05:31,0 days 04:29:00,6
42,Male,Grand Master,0 days 04:29:01,0 days 04:52:30,5
42,Male,Grand Master,0 days 04:52:31,0 days 05:20:30,4
42,Male,Grand Master,0 days 05:20:31,106751 days 23:47:16.854775807,1
42,Male,Great Grand Master,0 days 00:00:00,0 days 03:45:30,10
42,Male,Great Grand Master,0 days 03:45:31,0 days 04:00:00,9
42,Male,Great Grand Master,0 days 04:00:01,0 days 04:16:30,8
42,Male,Great Grand Master,0 days 04:16:31,0 days 04:35:30,7
42,Male,Great Grand Master,0 days 04:35:31,0 days 04:57:30,6
42,Male,Great Grand Master,0 days 04:57:31,0 days 05:23:30,5
42,Male,Great Grand Master,0 days 05:23:31,106751 days 23:47:16.854775807,1
42,Male,Great Grand Master,0 days 00:00:00,0 days 04:26:00,10
42,Male,Great Grand Master,0 days 04:26:01,0 days 04:43:00,9
42,Male,Great Grand Master,0 days 04:43:01,0 days 05:02:30,8
42,Male,Great Grand Master,0 days 05:02:31,0 days 05:25:00,7
42,Male,Great Grand Master,0 days 05:25:01,106751 days 23:47:16.854775807,1
50,Male,Junior,0 days 00:00:00,0 days 03:18:49,10
50,Male,Junior,0 days 03:18:50,0 days 03:31:19,9
50,Male,Junior,0 days 03:31:20,0 days 03:46:11,8
50,Male,Junior,0 days 03:46:12,0 days 04:02:51,7
50,Male,Junior,0 days 04:02:52,0 days 04:22:30,6
50,Male,Junior,0 days 04:22:31,0 days 04:45:07,5
50,Male,Junior,0 days 04:45:08,0 days 05:12:30,4
50,Male,Junior,0 days 05:12:31,0 days 05:45:14,3
50,Male,Junior,0 days 05:45:15,0 days 06:26:19,2
50,Male,Junior,0 days 06:26:20,106751 days 23:47:16.854775807,1
50,Male,Senior,0 days 00:00:00,0 days 03:18:49,10
50,Male,Senior,0 days 03:18:50,0 days 03:31:19,9
50,Male,Senior,0 days 03:31:20,0 days 03:46:11,8
50,Male,Senior,0 days 03:46:12,0 days 04:02:51,7
50,Male,Senior,0 days 04:02:52,0 days 04:22:30,6
50,Male,Senior,0 days 04:22:31,0 days 04:45:07,5
50,Male,Senior,0 days 04:45:08,0 days 05:12:30,4
50,Male,Senior,0 days 05:12:31,0 days 05:45:14,3
50,Male,Senior,0 days 05:45:15,0 days 06:26:19,2
50,Male,Senior,0 days 06:26:20,106751 days 23:47:16.854775807,1
50,Male,Veteran,0 days 00:00:00,0 days 03:24:10,10
50,Male,Veteran,0 days 03:24:11,0 days 03:37:16,9
50,Male,Veteran,0 days 03:37:17,0 days 03:52:09,8
50,Male,Veteran,0 days 03:52:10,0 days 04:09:24,7
50,Male,Veteran,0 days 04:09:25,0 days 04:29:39,6
50,Male,Veteran,0 days 04:29:40,0 days 04:53:27,5
50,Male,Veteran,0 days 04:53:28,0 days 05:21:26,4
50,Male,Veteran,0 days 05:21:27,0 days 05:55:21,3
50,Male,Veteran,0 days 05:55:22,106751 days 23:47:16.854775807,1
50,Male,Master,0 days 00:00:00,0 days 03:41:26,10
50,Male,Master,0 days 03:41:27,0 days 03:55:43,9
50,Male,Master,0 days 03:55:44,0 days 04:12:23,8
50,Male,Master,0 days 04:12:24,0 days 04:30:50,7
50,Male,Master,0 days 04:30:51,0 days 04:52:51,6
50,Male,Master,0 days 04:52:52,0 days 05:18:27,5
50,Male,Master,0 days 05:18:28,0 days 05:48:49,4
50,Male,Master,0 days 05:48:50,0 days 06:25:07,3
50,Male,Master,0 days 06:25:08,106751 days 23:47:16.854775807,1
50,Male,Grand Master,0 days 00:00:00,0 days 04:02:51,10
50,Male,Grand Master,0 days 04:02:52,0 days 04:18:20,9
50,Male,Grand Master,0 days 04:18:21,0 days 04:36:11,8
50,Male,Grand Master,0 days 04:36:12,0 days 04:52:16,7
50,Male,Grand Master,0 days 04:52:17,0 days 05:20:14,6
50,Male,Grand Master,0 days 05:20:15,0 days 05:48:13,5
50,Male,Grand Master,0 days 05:48:14,0 days 06:21:33,4
50,Male,Grand Master,0 days 06:21:34,106751 days 23:47:16.854775807,1
50,Male,Great Grand Master,0 days 00:00:00,0 days 04:28:27,10
50,Male,Great Grand Master,0 days 04:28:28,0 days 04:45:43,9
50,Male,Great Grand Master,0 days 04:45:44,0 days 05:05:21,8
50,Male,Great Grand Master,0 days 05:05:22,0 days 05:27:59,7
50,Male,Great Grand Master,0 days 05:28:00,0 days 05:54:10,6
50,Male,Great Grand Master,0 days 05:54:11,0 days 06:25:07,5
50,Male,Great Grand Master,0 days 06:25:08,106751 days 23:47:16.854775807,1
50,Male,Great Grand Master,0 days 00:00:00,0 days 05:16:40,10
50,Male,Great Grand Master,0 days 05:16:41,0 days 05:36:54,9
50,Male,Great Grand Master,0 days 05:36:55,0 days 06:00:07,8
50,Male,Great Grand Master,0 days 06:00:08,0 days 06:26:54,7
50,Male,Great Grand Master,0 days 06:26:55,106751 days 23:47:16.854775807,1
5,Female,Junior,0 days 00:00:00,0 days 00:21:45,10
5,Female,Junior,0 days 00:21:46,0 days 00:23:08,9
5,Female,Junior,0 days 00:23:09,0 days 00:24:45,8
5,Female,Junior,0 days 00:24:46,0 days 00:26:37,7
5,Female,Junior,0 days 00:26:38,0 days 00:28:45,6
5,Female,Junior,0 days 00:28:46,0 days 00:31:15,5
5,Female,Junior,0 days 00:31:16,0 days 00:34:07,4
5,Female,Junior,0 days 00:34:08,0 days 00:37:45,3
5,Female,Junior,0 days 00:37:46,0 days 00:42:15,2
5,Female,Junior,0 days 00:42:16,106751 days 23:47:16.854775807,1
5,Female,Senior,0 days 00:00:00,0 days 00:21:45,10
5,Female,Senior,0 days 00:21:46,0 days 00:23:08,9
5,Female,Senior,0 days 00:23:09,0 days 00:24:45,8
5,Female,Senior,0 days 00:24:46,0 days 00:26:37,7
5,Female,Senior,0 days 00:26:38,0 days 00:28:45,6
5,Female,Senior,0 days 00:28:46,0 days 00:31:15,5
5,Female,Senior,0 days 00:31:16,0 days 00:34:07,4
5,Female,Senior,0 days 00:34:08,0 days 00:37:45,3
5,Female,Senior,0 days 00:37:46,0 days 00:42:15,2
5,Female,Senior,0 days 00:42:16,106751 days 23:47:16.854775807,1
5,Female,Veteran,0 days 00:00:00,0 days 00:22:15,10
5,Female,Veteran,0 days 00:22:16,0 days 00:23:45,9
5,Female,Veteran,0 days 00:23:46,0 days 00:25:22,8
5,Female,Veteran,0 days 00:25:23,0 days 00:27:15,7
5,Female,Veteran,0 days 00:27:16,0 days 00:29:30,6
5,Female,Veteran,0 days 00:29:31,0 days 00:32:00,5
5,Female,Veteran,0 days 00:32:01,0 days 00:35:08,4
5,Female,Veteran,0 days 00:35:08,0 days 00:38:45,3
5,Female,Veteran,0 days 00:38:46,0 days 00:43:22,2
5,Female,Veteran,0 days 00:43:24,106751 days 23:47:16.854775807,1
5,Female,Master,0 days 00:00:00,0 days 00:24:30,10
5,Female,Master,0 days 00:24:31,0 days 00:26:00,9
5,Female,Master,0 days 00:26:01,0 days 00:27:53,8
5,Female,Master,0 days 00:27:53,0 days 00:29:52,7
5,Female,Master,0 days 00:29:53,0 days 00:32:22,6
5,Female,Master,0 days 00:32:24,0 days 00:35:08,5
5,Female,Master,0 days 00:35:08,0 days 00:38:30,4
5,Female,Master,0 days 00:38:31,0 days 00:42:38,3
5,Female,Master,0 days 00:42:39,0 days 00:47:38,2
5,Female,Master,0 days 00:47:38,106751 days 23:47:16.854775807,1
5,Female,Grand Master,0 days 00:00:00,0 days 00:27:45,10
5,Female,Grand Master,0 days 00:27:46,0 days 00:29:37,9
5,Female,Grand Master,0 days 00:29:38,0 days 00:31:38,8
5,Female,Grand Master,0 days 00:31:39,0 days 00:34:00,7
5,Female,Grand Master,0 days 00:34:01,0 days 00:36:37,6
5,Female,Grand Master,0 days 00:36:38,0 days 00:39:52,5
5,Female,Grand Master,0 days 00:39:53,0 days 00:43:45,4
5,Female,Grand Master,0 days 00:43:46,0 days 00:48:15,3
5,Female,Grand Master,0 days 00:48:16,0 days 00:54:00,2
5,Female,Grand Master,0 days 00:54:01,106751 days 23:47:16.854775807,1
5,Female,Great Grand Master,0 days 00:00:00,0 days 00:32:07,10
5,Female,Great Grand Master,0 days 00:32:09,0 days 00:34:07,9
5,Female,Great Grand Master,0 days 00:34:08,0 days 00:36:30,8
5,Female,Great Grand Master,0 days 00:36:31,0 days 00:39:15,7
5,Female,Great Grand Master,0 days 00:39:16,0 days 00:42:23,6
5,Female,Great Grand Master,0 days 00:42:24,0 days 00:46:08,5
5,Female,Great Grand Master,0 days 00:46:09,0 days 00:50:30,4
5,Female,Great Grand Master,0 days 00:50:31,0 days 00:55:53,3
5,Female,Great Grand Master,0 days 00:55:54,0 days 01:01:23,2
5,Female,Great Grand Master,0 days 01:01:24,106751 days 23:47:16.854775807,1
5,Female,Great Grand Master,0 days 00:00:00,0 days 00:38:07,10
5,Female,Great Grand Master,0 days 00:38:08,0 days 00:40:37,9
5,Female,Great Grand Master,0 days 00:40:38,0 days 00:43:22,8
5,Female,Great Grand Master,0 days 00:43:24,0 days 00:46:38,7
5,Female,Great Grand Master,0 days 00:46:39,0 days 00:50:22,6
5,Female,Great Grand Master,0 days 00:50:24,0 days 00:54:45,5
5,Female,Great Grand Master,0 days 00:54:46,0 days 01:00:00,4
5,Female,Great Grand Master,0 days 01:00:01,0 days 01:06:22,3
5,Female,Great Grand Master,0 days 01:06:24,0 days 01:14:07,2
5,Female,Great Grand Master,0 days 01:14:09,106751 days 23:47:16.854775807,1
10,Female,Junior,0 days 00:00:00,0 days 00:43:30,10
10,Female,Junior,0 days 00:43:31,0 days 00:46:15,9
10,Female,Junior,0 days 00:46:16,0 days 00:49:30,8
10,Female,Junior,0 days 00:49:31,0 days 00:53:15,7
10,Female,Junior,0 days 00:53:16,0 days 00:57:30,6
10,Female,Junior,0 days 00:57:31,0 days 01:02:30,5
10,Female,Junior,0 days 01:02:31,0 days 01:08:15,4
10,Female,Junior,0 days 01:08:16,0 days 01:15:30,3
10,Female,Junior,0 days 01:15:31,0 days 01:24:30,2
10,Female,Junior,0 days 01:24:31,106751 days 23:47:16.854775807,1
10,Female,Senior,0 days 00:00:00,0 days 00:43:30,10
10,Female,Senior,0 days 00:43:31,0 days 00:46:15,9
10,Female,Senior,0 days 00:46:16,0 days 00:49:30,8
10,Female,Senior,0 days 00:49:31,0 days 00:53:15,7
10,Female,Senior,0 days 00:53:16,0 days 00:57:30,6
10,Female,Senior,0 days 00:57:31,0 days 01:02:30,5
10,Female,Senior,0 days 01:02:31,0 days 01:08:15,4
10,Female,Senior,0 days 01:08:16,0 days 01:15:30,3
10,Female,Senior,0 days 01:15:31,0 days 01:24:30,2
10,Female,Senior,0 days 01:24:31,106751 days 23:47:16.854775807,1
10,Female,Veteran,0 days 00:00:00,0 days 00:44:30,10
10,Female,Veteran,0 days 00:44:31,0 days 00:47:30,9
10,Female,Veteran,0 days 00:47:31,0 days 00:50:45,8
10,Female,Veteran,0 days 00:50:46,0 days 00:54:30,7
10,Female,Veteran,0 days 00:54:31,0 days 00:59:00,6
10,Female,Veteran,0 days 00:59:01,0 days 01:04:00,5
10,Female,Veteran,0 days 01:04:01,0 days 01:10:15,4
10,Female,Veteran,0 days 01:10:16,0 days 01:17:30,3
10,Female,Veteran,0 days 01:17:31,0 days 01:26:45,2
10,Female,Veteran,0 days 01:26:46,106751 days 23:47:16.854775807,1
10,Female,Master,0 days 00:00:00,0 days 00:49:00,10
10,Female,Master,0 days 00:49:01,0 days 00:52:00,9
10,Female,Master,0 days 00:52:01,0 days 00:55:45,8
10,Female,Master,0 days 00:55:46,0 days 00:59:45,7
10,Female,Master,0 days 00:59:46,0 days 01:04:45,6
10,Female,Master,0 days 01:04:46,0 days 01:10:15,5
10,Female,Master,0 days 01:10:16,0 days 01:17:00,4
10,Female,Master,0 days 01:17:01,0 days 01:25:15,3
10,Female,Master,0 days 01:25:16,0 days 01:35:15,2
10,Female,Master,0 days 01:35:16,106751 days 23:47:16.854775807,1
10,Female,Grand Master,0 days 00:00:00,0 days 00:55:30,10
10,Female,Grand Master,0 days 00:55:31,0 days 00:59:15,9
10,Female,Grand Master,0 days 00:59:16,0 days 01:03:15,8
10,Female,Grand Master,0 days 01:03:16,0 days 01:08:00,7
10,Female,Grand Master,0 days 01:08:01,0 days 01:13:15,6
10,Female,Grand Master,0 days 01:13:16,0 days 01:19:45,5
10,Female,Grand Master,0 days 01:19:46,0 days 01:27:30,4
10,Female,Grand Master,0 days 01:27:31,0 days 01:36:30,3
10,Female,Grand Master,0 days 01:36:31,0 days 01:48:00,2
10,Female,Grand Master,0 days 01:48:01,106751 days 23:47:16.854775807,1
10,Female,Great Grand Master,0 days 00:00:00,0 days 01:04:15,10
10,Female,Great Grand Master,0 days 01:04:16,0 days 01:08:15,9
10,Female,Great Grand Master,0 days 01:08:16,0 days 01:13:00,8
10,Female,Great Grand Master,0 days 01:13:01,0 days 01:18:30,7
10,Female,Great Grand Master,0 days 01:18:31,0 days 01:24:45,6
10,Female,Great Grand Master,0 days 01:24:46,0 days 01:32:15,5
10,Female,Great Grand Master,0 days 01:32:16,0 days 01:41:00,4
10,Female,Great Grand Master,0 days 01:41:01,0 days 01:51:45,3
10,Female,Great Grand Master,0 days 01:51:46,106751 days 23:47:16.854775807,1
10,Female,Great Grand Master,0 days 00:00:00,0 days 01:16:15,10
10,Female,Great Grand Master,0 days 01:16:16,0 days 01:21:15,9
10,Female,Great Grand Master,0 days 01:21:16,0 days 01:26:45,8
10,Female,Great Grand Master,0 days 01:26:46,0 days 01:33:15,7
10,Female,Great Grand Master,0 days 01:33:16,0 days 01:40:45,6
10,Female,Great Grand Master,0 days 01:40:46,0 days 01:49:30,5
10,Female,Great Grand Master,0 days 01:49:31,0 days 02:00:00,4
10,Female,Great Grand Master,0 days 02:00:01,106751 days 23:47:16.854775807,1
13,Female,Junior,0 days 00:00:00,0 days 00:56:00,10
13,Female,Junior,0 days 00:56:01,0 days 00:59:39,9
13,Female,Junior,0 days 00:59:40,0 days 01:03:41,8
13,Female,Junior,0 days 01:03:42,0 days 01:08:26,7
13,Female,Junior,0 days 01:08:27,0 days 01:13:48,6
13,Female,Junior,0 days 01:13:49,0 days 01:20:09,5
13,Female,Junior,0 days 01:20:10,0 days 01:27:50,4
13,Female,Junior,0 days 01:27:51,0 days 01:37:21,3
13,Female,Junior,0 days 01:37:22,0 days 01:48:42,2
13,Female,Junior,0 days 01:48:43,106751 days 23:47:16.854775807,1
13,Female,Senior,0 days 00:00:00,0 days 00:56:00,10
13,Female,Senior,0 days 00:56:01,0 days 00:59:39,9
13,Female,Senior,0 days 00:59:40,0 days 01:03:41,8
13,Female,Senior,0 days 01:03:42,0 days 01:08:26,7
13,Female,Senior,0 days 01:08:27,0 days 01:13:48,6
13,Female,Senior,0 days 01:13:49,0 days 01:20:09,5
13,Female,Senior,0 days 01:20:10,0 days 01:27:50,4
13,Female,Senior,0 days 01:27:51,0 days 01:37:21,3
13,Female,Senior,0 days 01:37:22,0 days 01:48:42,2
13,Female,Senior,0 days 01:48:43,106751 days 23:47:16.854775807,1
13,Female,Veteran,0 days 00:00:00,0 days 00:57:17,10
13,Female,Veteran,0 days 00:57:18,0 days 01:01:01,9
13,Female,Veteran,0 days 01:01:02,0 days 01:05:09,8
13,Female,Veteran,0 days 01:05:10,0 days 01:10:01,7
13,Female,Veteran,0 days 01:10:02,0 days 01:15:30,6
13,Female,Veteran,0 days 01:15:31,0 days 01:21:59,5
13,Female,Veteran,0 days 01:22:00,0 days 01:29:51,4
13,Female,Veteran,0 days 01:29:52,0 days 01:39:35,3
13,Female,Veteran,0 days 01:39:36,0 days 01:51:11,2
13,Female,Veteran,0 days 01:51:12,106751 days 23:47:16.854775807,1
13,Female,Master,0 days 00:00:00,0 days 01:03:04,10
13,Female,Master,0 days 01:03:05,0 days 01:07:12,9
13,Female,Master,0 days 01:07:13,0 days 01:11:44,8
13,Female,Master,0 days 01:11:45,0 days 01:17:05,7
13,Female,Master,0 days 01:17:06,0 days 01:23:08,6
13,Female,Master,0 days 01:23:09,0 days 01:30:17,5
13,Female,Master,0 days 01:30:18,0 days 01:38:56,4
13,Female,Master,0 days 01:38:57,0 days 01:49:39,3
13,Female,Master,0 days 01:49:40,0 days 02:02:26,2
13,Female,Master,0 days 02:02:27,106751 days 23:47:16.854775807,1
13,Female,Grand Master,0 days 00:00:00,0 days 01:11:26,10
13,Female,Grand Master,0 days 01:11:27,0 days 01:16:07,9
13,Female,Grand Master,0 days 01:16:08,0 days 01:21:15,8
13,Female,Grand Master,0 days 01:21:16,0 days 01:27:19,7
13,Female,Grand Master,0 days 01:27:20,0 days 01:34:10,6
13,Female,Grand Master,0 days 01:34:11,0 days 01:42:15,5
13,Female,Grand Master,0 days 01:42:16,0 days 01:52:04,4
13,Female,Grand Master,0 days 01:52:05,0 days 02:04:12,3
13,Female,Grand Master,0 days 02:04:13,0 days 02:18:41,2
13,Female,Grand Master,0 days 02:18:42,106751 days 23:47:16.854775807,1
13,Female,Great Grand Master,0 days 00:00:00,0 days 01:22:42,10
13,Female,Great Grand Master,0 days 01:22:43,0 days 01:28:06,9
13,Female,Great Grand Master,0 days 01:28:07,0 days 01:34:03,8
13,Female,Great Grand Master,0 days 01:34:04,0 days 01:41:05,7
13,Female,Great Grand Master,0 days 01:41:06,0 days 01:49:01,6
13,Female,Great Grand Master,0 days 01:49:02,0 days 01:58:23,5
13,Female,Great Grand Master,0 days 01:58:24,0 days 02:09:44,4
13,Female,Great Grand Master,0 days 02:09:45,0 days 02:23:47,3
13,Female,Great Grand Master,0 days 02:23:48,106751 days 23:47:16.854775807,1
13,Female,Great Grand Master,0 days 00:00:00,0 days 01:38:09,10
13,Female,Great Grand Master,0 days 01:38:10,0 days 01:44:34,9
13,Female,Great Grand Master,0 days 01:44:35,0 days 01:51:37,8
13,Female,Great Grand Master,0 days 01:51:38,0 days 01:59:58,7
13,Female,Great Grand Master,0 days 01:59:59,0 days 02:09:22,6
13,Female,Great Grand Master,0 days 02:09:23,0 days 02:20:29,5
13,Female,Great Grand Master,0 days 02:20:30,0 days 02:33:58,4
13,Female,Great Grand Master,0 days 02:33:59,106751 days 23:47:16.854775807,1
15,Female,Junior,0 days 00:00:00,0 days 01:05:15,10
15,Female,Junior,0 days 01:05:16,0 days 01:09:23,9
15,Female,Junior,0 days 01:09:24,0 days 01:14:15,8
15,Female,Junior,0 days 01:14:16,0 days 01:19:53,7
15,Female,Junior,0 days 01:19:53,0 days 01:26:15,6
15,Female,Junior,0 days 01:26:16,0 days 01:33:45,5
15,Female,Junior,0 days 01:33:46,0 days 01:42:22,4
15,Female,Junior,0 days 01:42:23,0 days 01:53:15,3
15,Female,Junior,0 days 01:53:16,0 days 02:06:45,2
15,Female,Junior,0 days 02:06:46,106751 days 23:47:16.854775807,1
15,Female,Senior,0 days 00:00:00,0 days 01:05:15,10
15,Female,Senior,0 days 01:05:16,0 days 01:09:23,9
15,Female,Senior,0 days 01:09:24,0 days 01:14:15,8
15,Female,Senior,0 days 01:14:16,0 days 01:19:53,7
15,Female,Senior,0 days 01:19:53,0 days 01:26:15,6
15,Female,Senior,0 days 01:26:16,0 days 01:33:45,5
15,Female,Senior,0 days 01:33:46,0 days 01:42:22,4
15,Female,Senior,0 days 01:42:23,0 days 01:53:15,3
15,Female,Senior,0 days 01:53:16,0 days 02:06:45,2
15,Female,Senior,0 days 02:06:46,106751 days 23:47:16.854775807,1
15,Female,Veteran,0 days 00:00:00,0 days 01:06:45,10
15,Female,Veteran,0 days 01:06:46,0 days 01:11:15,9
15,Female,Veteran,0 days 01:11:16,0 days 01:16:08,8
15,Female,Veteran,0 days 01:16:09,0 days 01:21:45,7
15,Female,Veteran,0 days 01:21:46,0 days 01:28:30,6
15,Female,Veteran,0 days 01:28:31,0 days 01:36:00,5
15,Female,Veteran,0 days 01:36:01,0 days 01:45:23,4
15,Female,Veteran,0 days 01:45:24,0 days 01:56:15,3
15,Female,Veteran,0 days 01:56:16,0 days 02:10:07,2
15,Female,Veteran,0 days 02:10:08,106751 days 23:47:16.854775807,1
15,Female,Master,0 days 00:00:00,0 days 01:13:30,10
15,Female,Master,0 days 01:13:31,0 days 01:18:00,9
15,Female,Master,0 days 01:18:01,0 days 01:23:38,8
15,Female,Master,0 days 01:23:39,0 days 01:29:38,7
15,Female,Master,0 days 01:29:38,0 days 01:37:08,6
15,Female,Master,0 days 01:37:09,0 days 01:45:23,5
15,Female,Master,0 days 01:45:24,0 days 01:55:30,4
15,Female,Master,0 days 01:55:31,0 days 02:07:53,3
15,Female,Master,0 days 02:07:54,0 days 02:22:52,2
15,Female,Master,0 days 02:22:54,106751 days 23:47:16.854775807,1
15,Female,Grand Master,0 days 00:00:00,0 days 01:23:15,10
15,Female,Grand Master,0 days 01:23:16,0 days 01:28:52,9
15,Female,Grand Master,0 days 01:28:54,0 days 01:34:52,8
15,Female,Grand Master,0 days 01:34:54,0 days 01:42:00,7
15,Female,Grand Master,0 days 01:42:01,0 days 01:49:52,6
15,Female,Grand Master,0 days 01:49:53,0 days 01:59:37,5
15,Female,Grand Master,0 days 01:59:38,0 days 02:11:15,4
15,Female,Grand Master,0 days 02:11:16,0 days 02:24:45,3
15,Female,Grand Master,0 days 02:24:46,0 days 02:42:00,2
15,Female,Grand Master,0 days 02:42:01,106751 days 23:47:16.854775807,1
15,Female,Great Grand Master,0 days 00:00:00,0 days 01:36:22,10
15,Female,Great Grand Master,0 days 01:36:23,0 days 01:42:22,9
15,Female,Great Grand Master,0 days 01:42:23,0 days 01:49:30,8
15,Female,Great Grand Master,0 days 01:49:31,0 days 01:57:45,7
15,Female,Great Grand Master,0 days 01:57:46,0 days 02:07:07,6
15,Female,Great Grand Master,0 days 02:07:08,0 days 02:18:22,5
15,Female,Great Grand Master,0 days 02:18:23,0 days 02:31:30,4
15,Female,Great Grand Master,0 days 02:31:31,0 days 02:47:37,3
15,Female,Great Grand Master,0 days 02:47:39,106751 days 23:47:16.854775807,1
15,Female,Great Grand Master,0 days 00:00:00,0 days 01:54:22,10
15,Female,Great Grand Master,0 days 01:54:24,0 days 02:01:53,9
15,Female,Great Grand Master,0 days 02:01:54,0 days 02:10:07,8
15,Female,Great Grand Master,0 days 02:10:08,0 days 02:19:53,7
15,Female,Great Grand Master,0 days 02:19:54,0 days 02:31:07,6
15,Female,Great Grand Master,0 days 02:31:09,0 days 02:44:15,5
15,Female,Great Grand Master,0 days 02:44:16,0 days 03:00:00,4
15,Female,Great Grand Master,0 days 03:00:01,106751 days 23:47:16.854775807,1
21,Female,Junior,0 days 00:00:00,0 days 01:34:45,10
21,Female,Junior,0 days 01:34:46,0 days 01:41:00,9
21,Female,Junior,0 days 01:41:01,0 days 01:47:45,8
21,Female,Junior,0 days 01:47:46,0 days 01:55:45,7
21,Female,Junior,0 days 01:55:46,0 days 02:05:15,6
21,Female,Junior,0 days 02:05:16,0 days 02:16:00,5
21,Female,Junior,0 days 02:16:01,0 days 02:29:00,4
21,Female,Junior,0 days 02:29:01,0 days 02:44:45,3
21,Female,Junior,0 days 02:44:46,0 days 03:03:15,2
21,Female,Junior,0 days 03:03:16,106751 days 23:47:16.854775807,1
21,Female,Senior,0 days 00:00:00,0 days 01:33:45,10
21,Female,Senior,0 days 01:33:46,0 days 01:40:00,9
21,Female,Senior,0 days 01:40:01,0 days 01:46:45,8
21,Female,Senior,0 days 01:46:46,0 days 01:54:45,7
21,Female,Senior,0 days 01:54:46,0 days 02:04:00,6
21,Female,Senior,0 days 02:04:01,0 days 02:14:45,5
21,Female,Senior,0 days 02:14:46,0 days 02:27:45,4
21,Female,Senior,0 days 02:27:46,0 days 02:43:15,3
21,Female,Senior,0 days 02:43:16,0 days 03:02:30,2
21,Female,Senior,0 days 03:02:31,106751 days 23:47:16.854775807,1
21,Female,Veteran,0 days 00:00:00,0 days 01:36:15,10
21,Female,Veteran,0 days 01:36:16,0 days 01:42:30,9
21,Female,Veteran,0 days 01:42:31,0 days 01:49:45,8
21,Female,Veteran,0 days 01:49:46,0 days 01:57:45,7
21,Female,Veteran,0 days 01:57:46,0 days 02:07:15,6
21,Female,Veteran,0 days 02:07:16,0 days 02:18:15,5
21,Female,Veteran,0 days 02:18:16,0 days 02:31:30,4
21,Female,Veteran,0 days 02:31:31,0 days 02:47:30,3
21,Female,Veteran,0 days 02:47:31,0 days 03:07:15,2
21,Female,Veteran,0 days 03:07:16,106751 days 23:47:16.854775807,1
21,Female,Master,0 days 00:00:00,0 days 01:46:00,10
21,Female,Master,0 days 01:46:01,0 days 01:52:45,9
21,Female,Master,0 days 01:52:46,0 days 02:00:30,8
21,Female,Master,0 days 02:00:31,0 days 02:09:30,7
21,Female,Master,0 days 02:09:31,0 days 02:20:00,6
21,Female,Master,0 days 02:20:01,0 days 02:32:00,5
21,Female,Master,0 days 02:32:01,0 days 02:46:45,4
21,Female,Master,0 days 02:46:46,0 days 03:04:15,3
21,Female,Master,0 days 03:04:16,0 days 03:36:00,2
21,Female,Master,0 days 03:36:01,106751 days 23:47:16.854775807,1
21,Female,Grand Master,0 days 00:00:00,0 days 02:00:15,10
21,Female,Grand Master,0 days 02:00:16,0 days 02:08:00,9
21,Female,Grand Master,0 days 02:08:01,0 days 02:17:00,8
21,Female,Grand Master,0 days 02:17:01,0 days 02:27:00,7
21,Female,Grand Master,0 days 02:27:01,0 days 02:38:45,6
21,Female,Grand Master,0 days 02:38:46,0 days 02:52:45,5
21,Female,Grand Master,0 days 02:52:46,0 days 03:09:15,4
21,Female,Grand Master,0 days 03:09:16,0 days 03:29:15,3
21,Female,Grand Master,0 days 03:29:16,0 days 03:54:00,2
21,Female,Grand Master,0 days 03:54:01,106751 days 23:47:16.854775807,1
21,Female,Great Grand Master,0 days 00:00:00,0 days 02:19:15,10
21,Female,Great Grand Master,0 days 02:19:16,0 days 02:28:15,9
21,Female,Great Grand Master,0 days 02:28:16,0 days 02:38:30,8
21,Female,Great Grand Master,0 days 02:38:31,0 days 02:50:15,7
21,Female,Great Grand Master,0 days 02:50:16,106751 days 23:47:16.854775807,1
21,Female,Great Grand Master,0 days 00:00:00,0 days 02:48:00,10
21,Female,Great Grand Master,0 days 02:48:01,0 days 02:58:45,9
21,Female,Great Grand Master,0 days 02:58:46,106751 days 23:47:16.854775807,1
26,Female,Junior,0 days 00:00:00,0 days 01:56:09,10
26,Female,Junior,0 days 01:56:10,0 days 02:03:45,9
26,Female,Junior,0 days 02:03:46,0 days 02:12:06,8
26,Female,Junior,0 days 02:12:07,0 days 02:21:58,7
26,Female,Junior,0 days 02:21:59,0 days 02:33:06,6
26,Female,Junior,0 days 02:33:07,0 days 02:46:16,5
26,Female,Junior,0 days 02:46:17,0 days 03:02:12,4
26,Female,Junior,0 days 03:02:13,106751 days 23:47:16.854775807,1
26,Female,Senior,0 days 00:00:00,0 days 01:54:56,10
26,Female,Senior,0 days 01:54:57,0 days 02:02:26,9
26,Female,Senior,0 days 02:02:27,0 days 02:10:42,8
26,Female,Senior,0 days 02:10:43,0 days 02:20:28,7
26,Female,Senior,0 days 02:20:29,0 days 02:31:29,6
26,Female,Senior,0 days 02:31:30,0 days 02:44:30,5
26,Female,Senior,0 days 02:44:31,0 days 03:00:17,4
26,Female,Senior,0 days 03:00:18,106751 days 23:47:16.854775807,1
26,Female,Veteran,0 days 00:00:00,0 days 01:58:00,10
26,Female,Veteran,0 days 01:58:01,0 days 02:05:42,9
26,Female,Veteran,0 days 02:05:43,0 days 02:14:11,8
26,Female,Veteran,0 days 02:14:12,0 days 02:24:13,7
26,Female,Veteran,0 days 02:24:14,0 days 02:35:31,6
26,Female,Veteran,0 days 02:35:32,0 days 02:48:54,5
26,Female,Veteran,0 days 02:48:55,0 days 03:05:05,4
26,Female,Veteran,0 days 03:05:06,106751 days 23:47:16.854775807,1
26,Female,Master,0 days 00:00:00,0 days 02:09:57,10
26,Female,Master,0 days 02:09:58,0 days 02:18:26,9
26,Female,Master,0 days 02:18:27,0 days 02:27:47,8
26,Female,Master,0 days 02:27:48,0 days 02:38:49,7
26,Female,Master,0 days 02:38:50,0 days 02:51:17,6
26,Female,Master,0 days 02:51:18,106751 days 23:47:16.854775807,1
26,Female,Grand Master,0 days 00:00:00,0 days 02:27:25,10
26,Female,Grand Master,0 days 02:27:26,0 days 02:37:03,9
26,Female,Grand Master,0 days 02:37:04,0 days 02:47:39,8
26,Female,Grand Master,0 days 02:47:40,0 days 03:00:10,7
26,Female,Grand Master,0 days 03:00:11,106751 days 23:47:16.854775807,1
26,Female,Great Grand Master,0 days 00:00:00,0 days 02:50:42,10
26,Female,Great Grand Master,0 days 02:50:43,0 days 03:01:52,9
26,Female,Great Grand Master,0 days 03:01:53,106751 days 23:47:16.854775807,1
32,Female,Junior,0 days 00:00:00,0 days 02:24:23,10
32,Female,Junior,0 days 02:24:24,0 days 02:33:54,9
32,Female,Junior,0 days 02:33:55,0 days 02:44:11,8
32,Female,Junior,0 days 02:44:12,0 days 02:56:23,7
32,Female,Junior,0 days 02:56:24,0 days 03:10:51,6
32,Female,Junior,0 days 03:10:52,0 days 03:27:14,5
32,Female,Junior,0 days 03:27:15,106751 days 23:47:16.854775807,1
32,Female,Senior,0 days 00:00:00,0 days 02:22:51,10
32,Female,Senior,0 days 02:22:52,0 days 02:32:23,9
32,Female,Senior,0 days 02:32:24,0 days 02:42:40,8
32,Female,Senior,0 days 02:42:41,0 days 02:54:51,7
32,Female,Senior,0 days 02:54:52,0 days 03:08:57,6
32,Female,Senior,0 days 03:08:58,0 days 03:25:20,5
32,Female,Senior,0 days 03:25:21,106751 days 23:47:16.854775807,1
32,Female,Veteran,0 days 00:00:00,0 days 02:26:40,10
32,Female,Veteran,0 days 02:26:41,0 days 02:36:11,9
32,Female,Veteran,0 days 02:36:12,0 days 02:47:14,8
32,Female,Veteran,0 days 02:47:15,0 days 02:59:26,7
32,Female,Veteran,0 days 02:59:27,0 days 03:13:54,6
32,Female,Veteran,0 days 03:13:55,0 days 03:30:40,5
32,Female,Veteran,0 days 03:30:41,0 days 03:50:51,4
32,Female,Veteran,0 days 03:50:52,106751 days 23:47:16.854775807,1
32,Female,Master,0 days 00:00:00,0 days 02:41:31,10
32,Female,Master,0 days 02:41:32,0 days 02:51:49,9
32,Female,Master,0 days 02:51:50,0 days 03:03:37,8
32,Female,Master,0 days 03:03:38,0 days 03:17:20,7
32,Female,Master,0 days 03:17:21,0 days 03:33:20,6
32,Female,Master,0 days 03:33:21,106751 days 23:47:16.854775807,1
32,Female,Grand Master,0 days 00:00:00,0 days 03:03:14,10
32,Female,Grand Master,0 days 03:03:15,0 days 03:15:03,9
32,Female,Grand Master,0 days 03:15:04,0 days 03:28:46,8
32,Female,Grand Master,0 days 03:28:47,0 days 03:44:00,7
32,Female,Grand Master,0 days 03:44:01,106751 days 23:47:16.854775807,1
32,Female,Great Grand Master,0 days 00:00:00,0 days 03:32:11,10
32,Female,Great Grand Master,0 days 03:32:12,0 days 03:45:54,9
32,Female,Great Grand Master,0 days 03:45:55,106751 days 23:47:16.854775807,1
42,Female,Junior,0 days 00:00:00,0 days 03:09:30,10
42,Female,Junior,0 days 03:09:31,0 days 03:22:00,9
42,Female,Junior,0 days 03:22:01,0 days 03:35:30,8
42,Female,Junior,0 days 03:35:31,0 days 03:51:30,7
42,Female,Junior,0 days 03:51:31,0 days 04:10:30,6
42,Female,Junior,0 days 04:10:31,0 days 04:32:00,5
42,Female,Junior,0 days 04:32:01,0 days 04:58:00,4
42,Female,Junior,0 days 04:58:01,0 days 05:29:30,3
42,Female,Junior,0 days 05:29:31,106751 days 23:47:16.854775807,1
42,Female,Senior,0 days 00:00:00,0 days 03:07:30,10
42,Female,Senior,0 days 03:07:31,0 days 03:20:00,9
42,Female,Senior,0 days 03:20:01,0 days 03:33:30,8
42,Female,Senior,0 days 03:33:31,0 days 03:49:30,7
42,Female,Senior,0 days 03:49:31,0 days 04:08:00,6
42,Female,Senior,0 days 04:08:01,0 days 04:29:30,5
42,Female,Senior,0 days 04:29:31,0 days 04:55:30,4
42,Female,Senior,0 days 04:55:31,0 days 05:26:30,3
42,Female,Senior,0 days 05:26:31,106751 days 23:47:16.854775807,1
42,Female,Veteran,0 days 00:00:00,0 days 03:12:30,10
42,Female,Veteran,0 days 03:12:31,0 days 03:25:00,9
42,Female,Veteran,0 days 03:25:01,0 days 03:39:30,8
42,Female,Veteran,0 days 03:39:31,0 days 03:55:30,7
42,Female,Veteran,0 days 03:55:31,0 days 04:14:30,6
42,Female,Veteran,0 days 04:14:31,0 days 04:36:30,5
42,Female,Veteran,0 days 04:36:31,0 days 05:03:00,4
42,Female,Veteran,0 days 05:03:01,106751 days 23:47:16.854775807,1
42,Female,Master,0 days 00:00:00,0 days 03:32:00,10
42,Female,Master,0 days 03:32:01,0 days 03:45:30,9
42,Female,Master,0 days 03:45:31,0 days 04:01:00,8
42,Female,Master,0 days 04:01:01,0 days 04:19:00,7
42,Female,Master,0 days 04:19:01,0 days 04:40:00,6
42,Female,Master,0 days 04:40:01,0 days 05:04:00,5
42,Female,Master,0 days 05:04:01,106751 days 23:47:16.854775807,1
42,Female,Grand Master,0 days 00:00:00,0 days 04:00:30,10
42,Female,Grand Master,0 days 04:00:31,0 days 04:16:00,9
42,Female,Grand Master,0 days 04:16:01,0 days 04:34:00,8
42,Female,Grand Master,0 days 04:34:01,0 days 04:54:00,7
42,Female,Grand Master,0 days 04:54:01,0 days 05:17:30,6
42,Female,Grand Master,0 days 05:17:31,106751 days 23:47:16.854775807,1
42,Female,Great Grand Master,0 days 00:00:00,0 days 04:38:30,10
42,Female,Great Grand Master,0 days 04:38:31,0 days 04:56:30,9
42,Female,Great Grand Master,0 days 04:56:31,0 days 05:17:00,8
42,Female,Great Grand Master,0 days 05:17:01,0 days 05:40:30,7
42,Female,Great Grand Master,0 days 05:40:31,106751 days 23:47:16.854775807,1
42,Female,Great Grand Master,0 days 00:00:00,0 days 05:36:00,10
42,Female,Great Grand Master,0 days 05:36:01,0 days 05:57:30,9
42,Female,Great Grand Master,0 days 05:57:31,106751 days 23:47:16.854775807,1
50,Female,Junior,0 days 00:00:00,0 days 03:45:36,10
50,Female,Junior,0 days 03:45:37,0 days 04:00:29,9
50,Female,Junior,0 days 04:00:30,0 days 04:16:33,8
50,Female,Junior,0 days 04:16:34,0 days 04:35:36,7
50,Female,Junior,0 days 04:35:37,0 days 04:58:13,6
50,Female,Junior,0 days 04:58:14,0 days 05:23:49,5
50,Female,Junior,0 days 05:23:50,0 days 05:54:46,4
50,Female,Junior,0 days 05:54:47,0 days 06:32:16,3
50,Female,Junior,0 days 06:32:17,106751 days 23:47:16.854775807,1
50,Female,Senior,0 days 00:00:00,0 days 03:43:13,10
50,Female,Senior,0 days 03:43:14,0 days 03:58:06,9
50,Female,Senior,0 days 03:58:07,0 days 04:14:10,8
50,Female,Senior,0 days 04:14:11,0 days 04:33:13,7
50,Female,Senior,0 days 04:33:14,0 days 04:55:14,6
50,Female,Senior,0 days 04:55:15,0 days 05:20:50,5
50,Female,Senior,0 days 05:20:51,0 days 05:51:47,4
50,Female,Senior,0 days 05:51:48,0 days 06:28:41,3
50,Female,Senior,0 days 06:28:42,106751 days 23:47:16.854775807,1
50,Female,Veteran,0 days 00:00:00,0 days 03:49:10,10
50,Female,Veteran,0 days 03:49:11,0 days 04:04:03,9
50,Female,Veteran,0 days 04:04:04,0 days 04:21:19,8
50,Female,Veteran,0 days 04:21:20,0 days 04:40:21,7
50,Female,Veteran,0 days 04:40:22,0 days 05:02:59,6
50,Female,Veteran,0 days 05:03:00,0 days 05:29:10,5
50,Female,Veteran,0 days 05:29:11,0 days 06:00:43,4
50,Female,Veteran,0 days 06:00:44,106751 days 23:47:16.854775807,1
50,Female,Master,0 days 00:00:00,0 days 04:12:23,10
50,Female,Master,0 days 04:12:24,0 days 04:28:27,9
50,Female,Master,0 days 04:28:28,0 days 04:46:54,8
50,Female,Master,0 days 04:46:55,0 days 05:08:20,7
50,Female,Master,0 days 05:08:21,0 days 05:33:20,6
50,Female,Master,0 days 05:33:21,0 days 06:01:54,5
50,Female,Master,0 days 06:01:55,106751 days 23:47:16.854775807,1
50,Female,Grand Master,0 days 00:00:00,0 days 04:46:19,10
50,Female,Grand Master,0 days 04:46:20,0 days 05:04:46,9
50,Female,Grand Master,0 days 05:04:47,0 days 05:26:11,8
50,Female,Grand Master,0 days 05:26:12,0 days 05:50:00,7
50,Female,Grand Master,0 days 05:50:01,0 days 06:17:59,6
50,Female,Grand Master,0 days 06:18:00,106751 days 23:47:16.854775807,1
50,Female,Great Grand Master,0 days 00:00:00,0 days 05:31:33,10
50,Female,Great Grand Master,0 days 05:31:34,0 days 05:52:59,9
50,Female,Great Grand Master,0 days 05:53:00,0 days 06:17:23,8
50,Female,Great Grand Master,0 days 06:17:24,0 days 06:45:21,7
50,Female,Great Grand Master,0 days 06:45:22,0 days 07:17:30,6
50,Female,Great Grand Master,0 days 07:17:31,106751 days 23:47:16.854775807,1
